Employee_ID,Employee_Name,Employee_Department,Employee_Salary,Employee_Start_Date,Employee_End_date,Status
1000,Scott Wallace,HR,139537,2021-10-17,,Active
1001,Joseph Smith,Marketing,136103,2019-11-07,,Active
1002,Tony Graham,Finance,63249,2020-03-17,,Active
1003,Samuel Adkins,Sales,76760,2020-04-14,,Active
1004,Allison Stephens,Operations,90196,2022-05-08,2023-09-18,InActive
1005,Ricardo Kidd,Sales,97756,2020-06-21,,Active
1006,Erik Black,Finance,102431,2023-10-13,,Active
1007,Valerie Luna,Marketing,127044,2018-11-23,2022-11-13,InActive
1008,Andrew Sanders,Finance,94762,2023-03-14,2025-12-21,InActive
1009,Dennis Smith,HR,147777,2023-08-23,,Active
1010,Brittany Luna,Marketing,102482,2020-05-21,2022-09-06,InActive
1011,Zachary Maddox,Finance,65565,2022-10-07,,Active
1012,Justin Walker,Sales,121187,2022-02-06,,Active
1013,Carrie Cisneros,Finance,64022,2022-07-22,,Active
1014,Amy Carroll,Marketing,100342,2020-05-08,,Active
1015,Marco Leonard,Finance,54597,2022-01-07,,Active
1016,Diamond Weber,Sales,63679,2023-01-25,,Active
1017,Michael Carter,Sales,87412,2022-12-25,,Active
1018,Roger Morris,Finance,111628,2018-07-13,,Active
1019,Charles Dillon,HR,55576,2022-09-25,,Active
1020,James Holmes MD,Marketing,118514,2023-11-22,,Active
1021,Robert Lozano,Operations,85114,2022-12-31,2025-08-29,InActive
1022,Andrew Fernandez,Operations,106038,2021-02-02,,Active
1023,Michael Shannon,Finance,45612,2021-12-29,,Active
1024,Molly Le,Operations,49757,2021-05-23,,Active
1025,Sandra Scott,Finance,67632,2018-12-01,,Active
1026,Jonathan Wilson,HR,90118,2019-04-19,,Active
1027,John Anderson,HR,92692,2023-03-26,,Active
1028,Nicholas Park,Finance,68758,2023-10-26,,Active
1029,Angela Dawson,Marketing,46010,2018-12-03,,Active
1030,David Reed,Marketing,142044,2021-03-12,,Active
1031,David Johnson,Finance,65191,2021-02-09,,Active
1032,Tammy Gray,Finance,92283,2019-11-18,,Active
1033,Christine Alexander,Sales,99882,2018-10-04,,Active
1034,Nicole Martinez,Marketing,136146,2019-06-09,,Active
1035,Robert Welch,Marketing,64964,2021-05-19,2021-06-26,InActive
1036,Michael Lynch,Marketing,78559,2019-07-19,,Active
1037,Kevin Harris,Operations,118107,2022-12-17,,Active
1038,Valerie Turner,Marketing,71888,2021-01-21,,Active
1039,Steven Rodriguez,HR,105123,2020-08-04,,Active
1040,Lisa Allen,Sales,88163,2020-09-05,,Active
1041,Jorge White,Finance,61703,2020-12-15,,Active
1042,Fred Medina,Marketing,92922,2022-04-16,,Active
1043,Matthew Watson,Sales,147810,2018-10-17,,Active
1044,Glenn Salazar,Finance,65663,2023-03-04,,Active
1045,Nathan Watson,Sales,48714,2019-08-11,,Active
1046,Denise Warner,Sales,121525,2022-11-16,,Active
1047,Laura Bell,HR,104626,2020-10-24,,Active
1048,Austin Austin,Operations,125365,2020-01-28,,Active
1049,Francisco Gonzalez,Sales,107162,2023-07-06,,Active
1050,Chad Clay,Finance,63543,2022-03-26,,Active
1051,Kristen Stephens,HR,67393,2020-06-16,2022-12-11,InActive
1052,Amber Hensley,HR,93128,2021-03-08,2023-07-13,InActive
1053,Timothy Miller,Sales,46439,2022-11-17,,Active
1054,George Brady,Finance,139326,2021-07-24,,Active
1055,Elizabeth Miller,Marketing,57197,2024-01-29,,Active
1056,Jennifer Robinson,Operations,144023,2023-07-12,,Active
1057,Lindsey Williams,Finance,87828,2022-04-15,2024-09-26,InActive
1058,Susan Sellers,Sales,53225,2019-02-10,,Active
1059,Gilbert Craig,Sales,98161,2021-11-12,,Active
1060,Heather Aguirre,Sales,131852,2021-04-09,,Active
1061,Christopher Collins,Operations,97303,2018-07-23,,Active
1062,Alvin Blake,HR,129279,2020-06-17,,Active
1063,Katrina Smith,HR,86525,2022-04-26,,Active
1064,Heather Bell,Finance,116682,2020-03-07,,Active
1065,Dr. Janet Mclaughlin,Finance,128270,2024-01-11,,Active
1066,Jay Olson,Marketing,129128,2021-12-26,,Active
1067,Brandon Mccall,HR,93426,2020-01-18,,Active
1068,Tiffany Mccormick,Operations,84782,2020-05-09,,Active
1069,Brian Avery,Sales,73664,2021-05-07,,Active
1070,Colin Larson,Marketing,116798,2021-10-12,,Active
1071,Christopher Flores,Finance,96833,2019-01-09,,Active
1072,Gwendolyn Brennan,Operations,130800,2021-11-23,2022-11-23,InActive
1073,Laurie Charles,HR,113962,2019-07-17,,Active
1074,John Walls,Finance,72341,2021-11-22,,Active
1075,Dawn Ball,Operations,61112,2024-05-04,,Active
1076,Kelsey Phillips,Sales,110018,2018-07-28,2023-06-05,InActive
1077,Thomas Martinez,Finance,101195,2021-01-16,,Active
1078,Eric West,Marketing,71250,2023-04-28,,Active
1079,Linda Wade,Finance,149598,2021-06-23,,Active
1080,Donald Guzman,Finance,59140,2022-12-25,,Active
1081,Robert Jones,Sales,143270,2021-06-17,,Active
1082,Nichole Hunter,HR,148249,2022-11-12,2026-02-23,InActive
1083,Christopher Williams,HR,145859,2023-01-22,,Active
1084,Jerry Walker,Operations,78402,2021-04-21,,Active
1085,Karina Hines,Marketing,82874,2024-03-07,,Active
1086,Craig Thomas,Sales,52144,2021-07-28,,Active
1087,Annette Vaughn,Operations,60168,2019-05-10,,Active
1088,Jason Petersen,Marketing,70370,2018-08-06,,Active
1089,Kim Kemp,Finance,58188,2022-05-03,,Active
1090,Brian Manning DVM,Finance,129512,2022-03-02,,Active
1091,Victoria Russell,HR,136168,2022-12-13,,Active
1092,Patricia Wallace,Marketing,98260,2023-09-13,,Active
1093,Michael Banks,Operations,85401,2018-08-29,2019-05-16,InActive
1094,Terry Foster,Marketing,129722,2021-11-17,,Active
1095,Crystal Holloway,Operations,92558,2021-10-17,,Active
1096,Cristian Barr,Finance,148221,2023-07-23,,Active
1097,Joe Bell,Operations,110440,2019-05-29,,Active
1098,Amy Conner,Marketing,133076,2021-07-02,,Active
1099,Stephen Gonzalez,Marketing,144453,2022-03-06,2024-06-19,InActive
1100,Jeremy Robertson,HR,114148,2021-04-03,,Active
1101,Jessica Beck,Sales,65714,2021-02-08,,Active
1102,William Davis,Finance,109772,2020-05-23,,Active
1103,Laurie Ross,Finance,130743,2022-07-26,,Active
1104,Kristen West,Finance,108968,2023-12-24,,Active
1105,Cristian Mccoy,Marketing,107145,2018-11-09,,Active
1106,Carl Martin,HR,141973,2019-04-16,,Active
1107,Mrs. Kendra Knox,Marketing,90231,2022-09-28,,Active
1108,Maria Floyd,Operations,144089,2023-02-10,2023-03-31,InActive
1109,Debra Atkins,HR,72391,2020-10-20,,Active
1110,Laura Galvan,Operations,147343,2020-08-10,,Active
1111,Rebekah Landry,HR,129596,2023-08-23,,Active
1112,Frank Bates,Finance,103145,2020-05-24,,Active
1113,Anthony Martinez,Finance,62845,2023-09-21,,Active
1114,Kristi Shannon,HR,58818,2020-10-31,,Active
1115,Cindy Baker,Operations,136032,2021-09-16,,Active
1116,Bobby Nguyen,HR,46471,2023-08-30,,Active
1117,James White,Sales,96081,2019-11-24,,Active
1118,Alexander Washington,HR,133555,2023-12-19,,Active
1119,Matthew Webb,HR,86324,2020-06-25,,Active
1120,Kathryn Mckee,HR,103890,2023-04-07,,Active
1121,Aaron Stevenson,Operations,107299,2021-02-11,,Active
1122,Ronald Woods,Sales,118640,2021-06-26,,Active
1123,Gregory Lane,HR,77517,2021-12-11,,Active
1124,Miss Catherine Perry,HR,122602,2023-12-18,,Active
1125,Laura Morris,Sales,58650,2023-08-24,,Active
1126,Natalie Jackson DVM,Operations,100096,2023-02-05,,Active
1127,Leslie White,Sales,102970,2018-10-27,,Active
1128,Dr. Francis Williams,HR,77296,2022-05-20,,Active
1129,Bethany Gonzalez,Sales,130635,2021-11-06,,Active
1130,Michael York,Finance,109555,2023-01-15,,Active
1131,Diane Curtis,Operations,83166,2020-11-18,,Active
1132,Zachary Miller,Finance,68451,2020-10-02,,Active
1133,Michael Dawson,Sales,140984,2019-05-30,,Active
1134,Madeline Maynard,HR,102756,2018-08-13,,Active
1135,Jacob Mcclure,Operations,80774,2023-09-28,,Active
1136,Thomas Olsen,Sales,90635,2021-04-21,,Active
1137,Tara Lynch,HR,68463,2020-08-25,,Active
1138,Tina Carroll,HR,111377,2023-05-02,2024-02-14,InActive
1139,Tina Morrison,Marketing,57069,2019-01-19,,Active
1140,Derrick Ray,HR,92803,2021-06-08,,Active
1141,Karl Warren,Marketing,71102,2020-04-29,,Active
1142,Erin White,Marketing,133164,2018-07-05,,Active
1143,James James,Sales,107155,2020-11-30,,Active
1144,Selena Gray,HR,79801,2022-08-07,,Active
1145,Leslie Page,HR,112795,2019-05-17,,Active
1146,Robert Smith,Marketing,53917,2021-06-06,,Active
1147,Jennifer Phelps,Operations,114059,2020-09-03,,Active
1148,Brooke Reid,Operations,57467,2024-06-22,,Active
1149,Samantha Marshall,Finance,123277,2019-11-13,2020-04-27,InActive
1150,Alyssa Lane,Operations,144170,2019-07-21,,Active
1151,Sara Cook,HR,122387,2022-05-22,,Active
1152,Michael Long,HR,75839,2019-10-18,,Active
1153,Adam Jones,Finance,138442,2019-08-14,,Active
1154,David Terry,Operations,63978,2019-10-15,,Active
1155,Mr. Michael Peters MD,HR,49000,2022-05-21,,Active
1156,Edward White,Operations,140636,2022-04-28,,Active
1157,Amy Long,HR,82469,2020-04-21,,Active
1158,Mathew Ayala,Finance,47832,2023-09-11,,Active
1159,Linda Franklin,HR,55735,2021-01-11,,Active
1160,Christina Underwood,HR,48139,2020-09-23,,Active
1161,Jermaine Owens,HR,85320,2018-07-25,,Active
1162,Mary Chavez,Marketing,72405,2024-03-22,,Active
1163,Amanda Harris,HR,133431,2021-12-09,,Active
1164,Samuel Bell,Operations,96575,2020-10-30,,Active
1165,Randall Jimenez,Sales,53812,2023-02-01,,Active
1166,Isaac Arnold,Finance,131798,2021-09-16,,Active
1167,Richard Walker,Marketing,91994,2023-04-25,,Active
1168,Alyssa Miller,HR,132995,2021-01-14,,Active
1169,Melissa Murphy,Marketing,79065,2019-03-26,,Active
1170,Melinda Gutierrez,Operations,149057,2020-05-24,,Active
1171,Amanda Long,Finance,69843,2024-05-27,,Active
1172,Morgan Murphy,Operations,53234,2023-09-15,,Active
1173,Kimberly Nunez,Marketing,57735,2020-08-13,,Active
1174,Tiffany Edwards,Operations,81435,2019-08-31,,Active
1175,Geoffrey Tucker,HR,64517,2018-11-21,,Active
1176,Kristen Clark,Sales,59224,2024-05-17,,Active
1177,Richard Short,Finance,91560,2021-11-19,,Active
1178,Thomas Williams,Operations,127892,2019-10-26,,Active
1179,Paul Mayer,Finance,145301,2021-12-06,,Active
1180,Melissa Garcia,Sales,64019,2020-10-07,,Active
1181,Ashley Owen,HR,127581,2021-12-07,,Active
1182,Gregory Hernandez,Operations,112932,2023-12-07,,Active
1183,Noah Garcia,Operations,76661,2024-02-28,,Active
1184,Courtney Moore,Operations,113023,2019-04-16,,Active
1185,Julia Bates,Finance,84992,2024-06-28,,Active
1186,Todd Bennett,Marketing,89522,2023-05-27,,Active
1187,Steven Wilson,Finance,53810,2019-03-18,,Active
1188,Patrick Cervantes,Sales,146744,2018-07-17,,Active
1189,Tyler Giles,Finance,148569,2018-09-06,,Active
1190,Melissa Thompson,Sales,135071,2023-03-31,,Active
1191,Kevin Shepherd,Sales,78835,2019-06-18,,Active
1192,Matthew Carr,Operations,101617,2023-03-24,,Active
1193,Kevin Jones,Operations,90406,2024-05-26,,Active
1194,Nicole Thompson,Operations,127013,2022-10-04,,Active
1195,Erin Sanchez,Marketing,124080,2021-09-27,,Active
1196,Shannon Mills,HR,130966,2018-08-05,,Active
1197,Chelsea Hayes,Finance,73912,2019-02-23,2020-03-09,InActive
1198,Dr. James Morales,Marketing,70778,2019-05-21,,Active
1199,Thomas Webb,Marketing,88373,2022-07-17,,Active
1200,Arthur Aguilar,Finance,147013,2021-01-15,,Active
1201,Julian Williams,Marketing,92646,2023-08-07,,Active
1202,Autumn Waters,HR,134301,2021-12-28,,Active
1203,Kevin Pearson,Operations,89562,2019-12-20,,Active
1204,Isaac Roberts,Marketing,86038,2022-12-05,,Active
1205,Mary Rubio,HR,65936,2020-10-05,,Active
1206,Jessica Hamilton,Operations,57231,2020-10-08,,Active
1207,Melanie Moore,Finance,112381,2021-08-28,,Active
1208,Brenda Green,HR,134094,2020-01-11,,Active
1209,Teresa Ward,Marketing,55773,2018-12-29,,Active
1210,Dawn Marquez,Operations,102664,2021-02-14,,Active
1211,Melissa Alexander,Operations,105989,2022-01-31,2022-06-29,InActive
1212,Toni Weiss,Marketing,59966,2019-12-03,,Active
1213,Amy Richards,HR,58558,2023-07-21,,Active
1214,Amanda Terrell,HR,146654,2022-03-17,,Active
1215,Alejandro Thompson,Marketing,119521,2022-12-26,,Active
1216,Rebecca Jackson,Operations,138705,2019-11-24,,Active
1217,Jennifer Robinson,HR,75585,2019-11-23,,Active
1218,Linda Campbell,Marketing,69933,2024-06-13,,Active
1219,Amy Moore,Marketing,62982,2022-03-25,,Active
1220,Bruce Jones,Marketing,119016,2024-04-28,,Active
1221,Jessica Pollard,Sales,113140,2020-12-19,,Active
1222,Karen Leonard,Sales,131831,2021-09-26,,Active
1223,Donald Taylor,Finance,66521,2021-11-10,,Active
1224,Jordan Golden,HR,102996,2019-04-29,,Active
1225,Clayton Spencer,Sales,141640,2020-03-02,,Active
1226,Kenneth Reed,Operations,77124,2021-02-08,,Active
1227,Sarah Simmons,Operations,73996,2018-10-19,,Active
1228,Emma Taylor,Finance,55704,2021-03-14,,Active
1229,William Bell,Sales,90062,2023-06-13,,Active
1230,Christopher Golden,Finance,78801,2021-12-24,,Active
1231,Adam Stevens,Sales,97891,2022-10-13,,Active
1232,William Norton,Finance,45208,2019-09-09,,Active
1233,Kevin Clark,HR,130602,2019-08-29,,Active
1234,Caitlin Kent,Sales,73114,2020-05-07,,Active
1235,Rodney Fox,HR,132699,2022-10-21,2024-04-07,InActive
1236,Margaret Wilkins,Sales,68478,2023-09-30,,Active
1237,Jacqueline Morgan,HR,112132,2024-03-04,2024-09-06,InActive
1238,Matthew Davis,Marketing,135645,2024-06-08,2026-05-19,InActive
1239,Joseph Holland,Marketing,83086,2022-01-21,,Active
1240,Dr. Timothy Allen,Sales,87890,2020-01-10,,Active
1241,Diane Ramirez,Finance,138834,2020-01-31,,Active
1242,Isabella Weaver,Operations,70813,2018-11-14,,Active
1243,Christine Williams,HR,138187,2019-04-05,,Active
1244,Cynthia Martinez,Finance,78686,2019-09-01,,Active
1245,Heather Russo,Operations,111233,2018-08-15,,Active
1246,Victoria Weaver,HR,78371,2018-09-05,,Active
1247,Kyle Wong,Marketing,134274,2021-07-14,,Active
1248,James Lewis,Sales,93203,2024-05-08,,Active
1249,Sara Ryan,Operations,65040,2021-01-22,,Active
1250,Kimberly Brooks,Marketing,123160,2024-03-03,,Active
1251,Duane Hernandez,Marketing,99996,2019-11-07,,Active
1252,Brittney Moss,HR,108999,2022-04-25,,Active
1253,Jonathan Kennedy,Operations,110514,2021-10-05,2023-01-30,InActive
1254,Savannah Ross,Finance,58899,2020-01-01,,Active
1255,James Cain,Operations,56702,2020-12-08,,Active
1256,Brandon Cochran,Sales,148334,2019-01-30,,Active
1257,David Martinez,Sales,86389,2019-11-05,2023-06-05,InActive
1258,John Gibson,Marketing,45264,2018-10-19,,Active
1259,Lisa Gilbert,Sales,96869,2020-10-05,,Active
1260,Gregory Elliott,HR,108489,2024-01-04,,Active
1261,James Johnson,Finance,55473,2024-02-26,,Active
1262,James Jones,Operations,90303,2024-06-26,2026-02-03,InActive
1263,William Gill,Marketing,106146,2020-04-03,,Active
1264,Carl Cordova,Sales,102668,2021-08-22,,Active
1265,Laura Webb,HR,115954,2022-10-01,,Active
1266,Kelly Edwards,Sales,86447,2023-10-08,,Active
1267,Tyler Shields,HR,96121,2023-12-11,,Active
1268,Sharon Robinson,HR,84109,2020-08-13,,Active
1269,Jordan Jones,Sales,77127,2020-09-19,2021-04-26,InActive
1270,Sherry Gibson MD,Operations,99627,2022-06-04,,Active
1271,Erin Lee,Operations,77513,2019-07-02,2025-02-18,InActive
1272,Dana Young,HR,48955,2019-02-26,,Active
1273,Kimberly Lane,Sales,81988,2023-07-25,,Active
1274,Mark Johns,Marketing,137899,2019-07-10,,Active
1275,Frank Moran,Operations,97952,2020-12-22,,Active
1276,Mark Elliott,Sales,81823,2021-04-07,,Active
1277,Douglas Morgan,HR,71852,2021-12-24,,Active
1278,Edward Romero,Operations,50068,2023-10-07,,Active
1279,Natasha James,HR,55490,2024-03-03,,Active
1280,Christopher Thompson,Sales,79860,2019-02-09,,Active
1281,Tina Osborne,Operations,147734,2022-06-17,,Active
1282,Denise Cook,Marketing,88416,2023-09-24,,Active
1283,Michael Salazar,Sales,129510,2018-12-20,,Active
1284,Jean Rodriguez,Marketing,114951,2021-03-04,,Active
1285,Donald Miller,Finance,105399,2024-06-10,,Active
1286,Veronica Galloway,Finance,76246,2019-10-14,,Active
1287,Christine Jordan,Finance,68911,2023-10-06,,Active
1288,Stacy Wise,Marketing,81050,2024-06-06,,Active
1289,Jerome Henderson,Finance,130530,2023-05-12,,Active
1290,Dr. Larry Jones,Operations,60602,2022-04-20,,Active
1291,Lawrence Scott,Finance,98077,2023-05-30,,Active
1292,Bryan Stark,HR,130685,2018-07-26,,Active
1293,Samantha Sanders,HR,73245,2018-07-09,,Active
1294,Brian Harrison,Marketing,120348,2021-06-02,,Active
1295,Crystal Rose,Sales,90288,2023-09-29,,Active
1296,Lisa Fox,Sales,53325,2024-03-28,,Active
1297,Michael Foster,Finance,131206,2019-07-18,,Active
1298,Sherry Barnes,Operations,131738,2020-07-27,,Active
1299,Brittany Clark,Sales,102065,2020-09-25,2021-02-07,InActive
1300,John Martin,Finance,58259,2019-02-22,,Active
1301,Gerald Martin,Marketing,72820,2019-06-19,,Active
1302,Ian Lee,Operations,87498,2018-11-12,2019-11-17,InActive
1303,Dan Hill,Finance,65332,2019-09-07,2025-12-02,InActive
1304,Richard Rivera,Marketing,69758,2020-09-03,,Active
1305,Daisy Wade,HR,61174,2024-04-19,,Active
1306,Mary Gomez,Sales,62040,2020-12-27,,Active
1307,Christopher Jones,HR,121939,2021-06-10,,Active
1308,Vincent Phillips,Sales,48015,2020-02-10,,Active
1309,Cynthia Hill,Marketing,86517,2021-10-24,,Active
1310,Phillip Roberts,Marketing,71721,2023-09-05,2023-10-12,InActive
1311,Alexander Nguyen,Finance,63524,2018-12-01,,Active
1312,Kim Gonzalez,Finance,125125,2024-04-02,,Active
1313,Mary Gay,Operations,121414,2019-12-31,,Active
1314,Lisa Williams,Finance,63585,2021-06-26,,Active
1315,Alexandria Francis,HR,51038,2021-10-04,,Active
1316,Colin Rice,HR,134881,2020-02-13,,Active
1317,Kimberly Robinson,Operations,63540,2023-11-12,,Active
1318,Dr. Lisa Clark,Sales,136454,2022-10-21,2025-11-16,InActive
1319,Kurt Martinez,Operations,45497,2021-05-17,,Active
1320,Kristen Weeks,Operations,54867,2021-04-21,2023-04-10,InActive
1321,Ryan Diaz,Operations,102116,2021-03-13,,Active
1322,Barry Johnson,Marketing,112885,2020-03-18,,Active
1323,Bradley Hobbs,HR,147323,2019-09-25,,Active
1324,Jimmy Richardson,Sales,89993,2019-09-17,,Active
1325,Lisa Rivera,Sales,72343,2022-08-09,,Active
1326,Robert Hamilton,Marketing,74612,2019-07-12,,Active
1327,Russell Lawrence,Marketing,145874,2021-10-24,,Active
1328,Scott Hall,Marketing,131574,2020-10-07,,Active
1329,Stacey Ortega,Sales,118630,2021-03-03,,Active
1330,Heidi Burgess,Finance,94842,2019-01-23,,Active
1331,Anthony Nelson,HR,146111,2019-05-03,2021-07-17,InActive
1332,Priscilla Anderson,Marketing,79166,2021-02-23,,Active
1333,Robert Scott,Sales,139809,2021-03-08,,Active
1334,Amy Johnson,Finance,57892,2018-10-18,,Active
1335,Charlotte Daniels,Operations,116962,2022-07-28,,Active
1336,Jose Carter,Sales,138731,2021-02-21,,Active
1337,Andrea Torres,Finance,127289,2022-04-25,,Active
1338,Michael Waters,Finance,49598,2019-03-20,,Active
1339,Jody Mcdonald,Finance,139048,2021-12-05,,Active
1340,Hayley Phillips,Finance,111341,2018-11-13,,Active
1341,Kimberly Garcia,Sales,124604,2022-04-04,,Active
1342,Jacob Williams,HR,125921,2021-10-04,2025-05-18,InActive
1343,Mark Henderson,HR,130457,2020-12-17,,Active
1344,Veronica Cruz,Operations,124887,2020-05-13,,Active
1345,Crystal Hoover,HR,65555,2024-02-10,2026-01-21,InActive
1346,Adam Scott,Operations,62691,2021-05-27,,Active
1347,Troy Reilly,Finance,109223,2021-04-07,,Active
1348,John Walton,HR,134853,2022-09-16,,Active
1349,Jason Walton,Operations,145575,2023-11-05,,Active
1350,Deanna Little,Finance,109275,2022-04-19,,Active
1351,Eric Fox,Marketing,114496,2023-02-28,2026-01-23,InActive
1352,Gabriella Flores,HR,89403,2022-09-26,,Active
1353,Michaela Nguyen,Finance,66662,2020-11-14,,Active
1354,Cassandra Perry,Marketing,138718,2022-04-19,,Active
1355,Julie Payne,Operations,83565,2019-08-27,,Active
1356,Tyler Burns,Operations,126603,2019-07-02,,Active
1357,Penny Munoz,Sales,96892,2019-01-29,,Active
1358,Brian Payne,Operations,66823,2022-07-10,,Active
1359,Paul Ritter,Sales,124154,2024-06-01,,Active
1360,Katherine Vaughn,Finance,82142,2019-10-18,,Active
1361,Wendy Jackson,HR,78471,2022-09-07,,Active
1362,Kari Myers DDS,Operations,102098,2021-10-25,,Active
1363,Willie Taylor,HR,59412,2022-07-02,,Active
1364,James Hernandez,Sales,116139,2023-05-28,,Active
1365,Ryan Rodriguez,Marketing,82326,2019-11-17,,Active
1366,Robert Hart,Sales,144122,2021-11-25,,Active
1367,Teresa Terry,Operations,67129,2023-10-15,,Active
1368,Shawn Knapp,HR,117987,2018-07-29,2023-03-27,InActive
1369,Matthew Hayes,Finance,60651,2020-02-14,,Active
1370,Bonnie Jones,Sales,146634,2024-01-06,2024-03-18,InActive
1371,Natasha Coleman,Operations,83223,2019-08-01,,Active
1372,Joseph Williams,Finance,74222,2024-02-14,,Active
1373,Stephanie Yates,Finance,119815,2021-10-01,,Active
1374,Peter Parker,Operations,118253,2024-05-06,2025-06-12,InActive
1375,Bradley Jackson,Finance,46439,2018-09-08,,Active
1376,Laura Miranda,Sales,132642,2020-11-10,,Active
1377,Kimberly Eaton,Marketing,53231,2019-09-08,,Active
1378,Alicia Castaneda,Marketing,129723,2020-02-07,,Active
1379,Timothy Edwards,Marketing,100001,2019-07-01,,Active
1380,Stephanie Harris,Marketing,127846,2020-02-27,,Active
1381,Hannah Brown,Sales,107150,2023-01-09,,Active
1382,Megan Newman,Finance,80102,2018-09-03,,Active
1383,John Robbins,Operations,45461,2019-09-23,,Active
1384,Casey Turner,HR,126356,2020-04-12,,Active
1385,Dr. Anthony Carroll,Finance,104412,2020-11-18,,Active
1386,Chris Evans,HR,120231,2021-09-19,,Active
1387,Matthew Walker,Marketing,109638,2022-02-24,,Active
1388,Nicole Bryant,Sales,144892,2024-01-29,,Active
1389,Kendra Lane,Marketing,95340,2024-05-19,,Active
1390,James Tyler,Sales,57393,2019-04-30,,Active
1391,Debra Sullivan,Marketing,87456,2020-01-27,,Active
1392,Christina Tate,Marketing,102920,2020-02-26,,Active
1393,Timothy Myers,Finance,50065,2024-02-05,,Active
1394,Matthew Hinton,Finance,144081,2019-01-12,,Active
1395,Kelly Martin,Finance,108883,2020-03-13,,Active
1396,Matthew Marquez,Finance,84223,2023-12-06,,Active
1397,Joshua Smith,Operations,107175,2019-08-19,2023-12-31,InActive
1398,Billy Best,Operations,68665,2023-08-29,2024-03-14,InActive
1399,Virginia Watson,Finance,144545,2019-04-28,,Active
1400,Vincent Singleton,Sales,80856,2020-02-19,,Active
1401,Jordan Holmes,Marketing,103686,2024-02-02,,Active
1402,Curtis Carter,Operations,123239,2019-02-27,,Active
1403,Linda Barrera,Sales,128917,2019-10-20,,Active
1404,Melissa Lane,HR,98597,2023-08-26,2023-10-08,InActive
1405,Luke White,Sales,139367,2020-09-07,,Active
1406,Courtney Orozco,Marketing,110730,2024-05-23,2024-06-13,InActive
1407,Timothy Simmons,Finance,96604,2019-08-20,,Active
1408,Nathan Meyers MD,HR,115267,2022-04-12,,Active
1409,Jason Wilson,Operations,117845,2021-02-09,2024-06-11,InActive
1410,Michele Wood,Finance,103164,2020-09-07,,Active
1411,Jonathan Pitts,HR,146050,2018-09-09,,Active
1412,David Whitaker,Sales,134391,2019-11-11,2022-11-19,InActive
1413,Brent Curry,Sales,137192,2020-09-25,,Active
1414,James Ramirez,Finance,111339,2024-05-20,2025-06-23,InActive
1415,Lauren Jackson,Marketing,116894,2023-07-30,,Active
1416,Hannah Bray,Operations,110992,2018-08-10,,Active
1417,Anthony Morrow,Finance,73585,2018-09-27,,Active
1418,Brandi Martin,Finance,130578,2019-02-01,,Active
1419,Kimberly Perez,HR,125411,2021-01-31,,Active
1420,Daniel Lopez,HR,79625,2019-01-30,2020-03-16,InActive
1421,Andrew Harvey,Finance,101375,2022-07-19,,Active
1422,Jeffrey Mitchell,Marketing,113902,2023-07-01,,Active
1423,Justin Merritt,Sales,104089,2024-03-10,,Active
1424,Ashlee Sandoval,Sales,83531,2022-12-11,,Active
1425,Leslie Clay,HR,52678,2023-07-31,,Active
1426,Mark Rodriguez,Sales,143941,2019-08-18,,Active
1427,Brandi Pope,Sales,114802,2022-06-17,2022-10-06,InActive
1428,Juan Hudson,Marketing,142283,2018-11-07,,Active
1429,Lawrence Taylor,Operations,52940,2018-12-24,2019-09-01,InActive
1430,Teresa Barajas,Marketing,128601,2020-11-06,,Active
1431,Jean Morris,Marketing,52359,2021-12-30,,Active
1432,Abigail Pham,Sales,135641,2018-08-26,2019-09-01,InActive
1433,Nicholas Randall,Sales,129370,2021-02-27,,Active
1434,Mary Phillips,Marketing,57015,2019-02-16,,Active
1435,Elizabeth Nelson,Finance,68889,2021-04-10,,Active
1436,Emily Long DDS,HR,112062,2021-03-01,,Active
1437,Ryan Robinson,Marketing,68205,2019-08-02,,Active
1438,Julie Torres,Sales,94012,2021-11-06,,Active
1439,Suzanne Roach,HR,51730,2021-09-30,,Active
1440,Cody Cruz,Marketing,102091,2019-08-06,,Active
1441,Stephanie Hill,Finance,135079,2020-03-18,,Active
1442,Monica Green,Sales,111791,2019-04-11,,Active
1443,Austin Stein,Marketing,81949,2023-03-09,,Active
1444,Michelle Rowland,Finance,141517,2024-06-22,2025-10-12,InActive
1445,Sara Pearson,HR,110727,2021-11-23,,Active
1446,Patricia Hall,Operations,104197,2023-11-30,,Active
1447,Nicholas Mitchell,Marketing,79044,2019-08-22,,Active
1448,Johnny Garcia,Operations,98255,2021-06-03,,Active
1449,Joseph Sims,HR,56374,2024-07-01,,Active
1450,Olivia Sanchez,Marketing,136444,2023-12-30,,Active
1451,Kevin Flowers,Finance,101571,2023-10-23,,Active
1452,Anthony Harris,Sales,89974,2020-04-05,,Active
1453,Bryan Ramirez,Sales,67737,2022-08-06,,Active
1454,Robert Gross,Operations,108290,2020-02-04,,Active
1455,Eric Castaneda,Marketing,117265,2021-06-21,,Active
1456,Jessica Powers,HR,82041,2019-08-19,,Active
1457,Barbara Wade,Sales,130474,2021-04-11,,Active
1458,Madison James,Operations,61056,2021-09-23,,Active
1459,Jermaine Mills,Sales,49091,2023-12-24,,Active
1460,Nicole Wood,Marketing,45787,2020-08-19,,Active
1461,Andrea Bradley,Sales,145090,2018-10-27,,Active
1462,Zachary Garner,HR,143710,2019-07-30,,Active
1463,Michael Diaz,Finance,81389,2020-08-10,,Active
1464,Lisa Welch,Finance,56511,2023-01-29,2024-04-19,InActive
1465,Valerie Norris,Sales,94794,2021-12-18,,Active
1466,Rita Evans,Sales,117743,2021-09-08,,Active
1467,Lisa Castillo,Sales,59308,2023-12-12,,Active
1468,Julie Brown,Operations,86404,2018-08-29,,Active
1469,Justin Johnson,Finance,149123,2022-08-18,,Active
1470,Rebecca Mitchell PhD,Marketing,108989,2022-03-31,,Active
1471,Cody Santos,HR,94381,2021-06-02,,Active
1472,Nicholas Mayer,Operations,126481,2024-06-10,,Active
1473,Karen Cardenas,Finance,83568,2018-11-03,,Active
1474,Jonathan Cole DDS,HR,100817,2020-01-15,,Active
1475,Eric Reynolds,Operations,116198,2023-04-08,,Active
1476,Anne Jacobson,Marketing,54764,2018-10-14,2025-12-03,InActive
1477,Mike Taylor,Marketing,100751,2023-05-31,,Active
1478,Cory Kelly,Marketing,50959,2019-04-05,,Active
1479,Betty Lee,HR,99051,2023-06-06,,Active
1480,Brian Lewis,Operations,48730,2022-12-04,,Active
1481,Stephen Johnson,Marketing,67947,2020-01-04,,Active
1482,Alexander Smith,Marketing,118339,2020-11-25,,Active
1483,David Moody,Operations,104257,2020-11-14,,Active
1484,Kenneth Cole,Marketing,48854,2024-05-14,,Active
1485,Erika Thompson,Marketing,95981,2020-07-10,,Active
1486,Chad Rodriguez,HR,97783,2018-07-06,,Active
1487,Tina Gutierrez,Marketing,68075,2024-02-27,,Active
1488,Tara Cabrera,Sales,77734,2024-06-06,,Active
1489,Christina Davis,HR,102664,2020-07-18,,Active
1490,Stephanie Fischer,HR,126269,2022-12-11,,Active
1491,Ann Patterson,Operations,142003,2024-03-20,,Active
1492,Christina Garcia,Marketing,97561,2019-11-16,,Active
1493,Maria Jenkins,Finance,124167,2023-04-06,,Active
1494,Tami Stout,Operations,141670,2018-09-06,,Active
1495,Jacob Hill,Operations,120532,2020-01-18,,Active
1496,Omar Moore,Finance,141262,2020-11-12,,Active
1497,Carmen Hinton,Marketing,45490,2021-09-11,,Active
1498,William Keller,HR,62736,2021-10-01,,Active
1499,Maria Edwards,Finance,145638,2020-02-24,,Active
1500,Stephanie Bauer,Finance,98460,2018-12-24,,Active
1501,Shawn Sanchez,Sales,111298,2021-03-13,,Active
1502,Julie Farmer,Finance,83651,2023-06-03,,Active
1503,Rachel Krueger,Finance,122618,2019-07-24,,Active
1504,Randy Ramsey,Operations,138190,2019-11-20,,Active
1505,Linda Love,Operations,77724,2020-09-16,,Active
1506,Adam Velazquez,Operations,85042,2018-08-24,,Active
1507,Mitchell Hayes,Marketing,87009,2020-07-05,,Active
1508,Peter Cruz,Finance,112177,2021-05-15,,Active
1509,Robert Reyes,Sales,97176,2022-09-04,,Active
1510,Ricardo Lawrence,Finance,99553,2022-09-05,,Active
1511,Desiree Gonzales,Operations,106151,2019-04-09,,Active
1512,Jeffrey Roy,Marketing,48893,2019-09-04,,Active
1513,Andrew Ingram,HR,118065,2023-02-16,,Active
1514,David Alvarado,Sales,107986,2020-05-16,,Active
1515,Thomas Yang,Finance,92210,2022-01-24,,Active
1516,Edward Walker,HR,72172,2019-03-28,,Active
1517,Dustin Bridges,Finance,117208,2020-03-12,,Active
1518,Christopher Thornton,HR,126059,2019-03-27,,Active
1519,Christine Mcintosh,Sales,104405,2021-11-17,,Active
1520,Jennifer Jackson,Operations,55527,2021-02-18,,Active
1521,Mrs. Melissa Taylor,Operations,140342,2021-07-26,2025-07-30,InActive
1522,Kara Griffin,Operations,97699,2022-05-09,,Active
1523,William Smith,Sales,87179,2020-04-12,,Active
1524,Vanessa Pearson,Operations,101788,2023-04-30,,Active
1525,Mark Parker,Operations,129035,2018-09-30,,Active
1526,David Stark,HR,114372,2021-12-28,,Active
1527,Joan Sullivan,HR,99994,2024-02-21,,Active
1528,Anthony Grant,Finance,122148,2021-04-08,,Active
1529,Anthony Sullivan,Marketing,90784,2020-11-23,,Active
1530,Rachel Hopkins,HR,88381,2022-01-17,2022-08-26,InActive
1531,Jonathan Ramos,HR,106396,2021-04-20,,Active
1532,Dr. Angela Jones,HR,89675,2019-06-04,,Active
1533,Kelly Butler,Operations,110853,2021-10-16,2024-12-20,InActive
1534,Robert Cline,Marketing,79723,2019-01-18,,Active
1535,Glenn Bryan,Marketing,145552,2023-03-25,,Active
1536,Donna Mclaughlin,Finance,63934,2021-04-28,,Active
1537,William Leon,Marketing,111652,2019-03-29,,Active
1538,Heidi Black,HR,131473,2024-01-01,2025-06-16,InActive
1539,Terry Taylor,Finance,64278,2018-10-23,,Active
1540,Phillip Chen,Finance,126690,2019-09-10,,Active
1541,Joseph Harrison,Operations,119851,2019-03-02,,Active
1542,Ricky King,HR,79256,2024-02-28,,Active
1543,Kelly Oconnell,HR,86807,2018-11-20,,Active
1544,Angela Farmer,Operations,114855,2023-06-12,,Active
1545,Susan Lopez,Operations,137948,2023-04-02,,Active
1546,David Barrera,HR,61574,2019-08-17,,Active
1547,Stephen Jones,Marketing,65495,2019-01-23,,Active
1548,Zachary Burns,Finance,137850,2019-11-19,,Active
1549,Chad Hale,Marketing,60050,2022-06-07,,Active
1550,Bonnie Fuentes,Operations,145472,2021-03-25,,Active
1551,Susan Jackson,Marketing,135279,2021-07-31,,Active
1552,Hannah Hernandez,HR,129810,2021-10-21,,Active
1553,Rachel Garcia,Finance,47253,2020-05-25,,Active
1554,Melissa Hicks,HR,66420,2022-10-13,,Active
1555,John Medina,Finance,65824,2022-11-09,,Active
1556,Scott Taylor,Operations,126078,2023-01-15,2026-03-14,InActive
1557,Mr. Robert Scott,Marketing,87448,2023-07-20,,Active
1558,Calvin Maynard,Operations,58230,2023-04-16,,Active
1559,Aaron Davis,Marketing,76827,2020-07-12,,Active
1560,Nicholas Cook,Operations,107005,2022-01-21,,Active
1561,Justin Lewis,Sales,144449,2019-08-15,,Active
1562,Daniel Harrison,HR,60577,2024-04-29,2025-07-24,InActive
1563,Erica Berger,HR,91593,2020-10-11,2025-04-03,InActive
1564,Donald Camacho,HR,113799,2018-07-16,,Active
1565,Tracey Wilson,Marketing,77808,2022-10-28,,Active
1566,Kathleen Hansen,HR,135333,2021-06-14,,Active
1567,Robert Nelson,Marketing,103693,2020-11-30,,Active
1568,Richard Long,Sales,56504,2022-09-10,,Active
1569,Mr. Louis Rodriguez MD,Finance,125080,2023-05-12,,Active
1570,Heidi Hoffman,HR,78848,2020-03-10,,Active
1571,Michael Roberts,Sales,122022,2018-10-14,,Active
1572,Eric Molina,HR,101673,2024-04-09,,Active
1573,Joshua Brown,HR,114020,2020-09-03,,Active
1574,Jeffrey Johns,Sales,135623,2022-07-26,,Active
1575,Pamela Jackson,Marketing,88130,2019-05-29,,Active
1576,Patrick Roberts,Operations,123296,2019-02-26,,Active
1577,David Kline,Finance,61619,2021-10-30,,Active
1578,Don Hernandez,HR,93049,2024-06-26,,Active
1579,Tommy Green,HR,112628,2019-11-14,,Active
1580,Rebecca Jones,HR,77519,2018-07-20,,Active
1581,Justin Woodard,HR,46409,2023-10-14,,Active
1582,Dawn Martin,HR,86535,2023-09-25,,Active
1583,Teresa Curry,HR,132827,2022-10-03,,Active
1584,Preston Hale,HR,144686,2019-11-18,,Active
1585,Raymond Pearson,HR,99788,2023-11-13,,Active
1586,Jennifer Bass,Sales,103063,2019-12-30,,Active
1587,David Ferguson,Marketing,64239,2022-09-17,2025-11-30,InActive
1588,Heather Bradshaw,Operations,145968,2019-02-23,,Active
1589,James Jones,Sales,76488,2023-11-28,,Active
1590,Brandi Torres,Sales,115987,2019-02-19,,Active
1591,Alan Garner,Marketing,60458,2018-11-09,,Active
1592,Lynn Wilson,Operations,79948,2022-07-28,,Active
1593,Anthony Dawson,HR,87795,2020-01-24,,Active
1594,Timothy Rogers,Sales,123406,2021-05-11,,Active
1595,Jodi Cruz,Sales,106468,2019-12-28,,Active
1596,Nancy Young,Sales,82764,2022-02-10,2023-12-16,InActive
1597,Rachel Zhang,Marketing,79945,2024-03-02,,Active
1598,Carla Todd,Operations,68881,2018-07-19,,Active
1599,Sharon Burgess,Sales,62524,2019-11-16,,Active
1600,Sandra Moody,Finance,98794,2022-03-10,,Active
1601,Sherry Walker,Marketing,70121,2022-06-26,,Active
1602,Amanda Guzman,Marketing,90794,2024-06-13,,Active
1603,Carl Gutierrez,Sales,56123,2019-03-11,,Active
1604,Jessica Mullins,Finance,142340,2019-01-21,2022-12-07,InActive
1605,Paul Cantu,Marketing,99234,2022-09-02,,Active
1606,Tina Hinton,Finance,131067,2024-04-14,,Active
1607,Nancy Porter,Finance,64161,2024-06-20,,Active
1608,Matthew Williams,Finance,57707,2020-08-05,,Active
1609,Miss Jennifer Rose,Marketing,71938,2020-02-03,,Active
1610,Erica Conley,Finance,130949,2020-01-15,,Active
1611,Peter Klein,Operations,47332,2019-09-08,,Active
1612,Veronica Brooks,Sales,49642,2021-10-14,,Active
1613,Heather Smith,Marketing,97248,2022-02-12,,Active
1614,Christine Norris,Sales,63329,2020-03-18,,Active
1615,Stacy Nielsen,Marketing,116513,2022-03-13,,Active
1616,Brent Cortez,HR,147281,2022-09-09,,Active
1617,Whitney Cortez,Marketing,67143,2019-07-12,,Active
1618,Rick Wheeler,Finance,146890,2022-03-05,,Active
1619,Lauren Parker,HR,128891,2020-11-27,,Active
1620,Kyle Gonzales,Finance,142679,2020-02-25,,Active
1621,Jay Cox,Sales,115273,2019-07-14,,Active
1622,Robert Hatfield,Sales,120181,2019-01-14,,Active
1623,Laura Hall,Marketing,110522,2020-03-08,,Active
1624,Traci Conway,Operations,137708,2021-08-16,,Active
1625,Jessica Costa,Marketing,114692,2020-10-02,,Active
1626,Nicole Parker,HR,78369,2021-04-23,,Active
1627,Gary Erickson,Marketing,130269,2022-09-03,2023-11-01,InActive
1628,Alexander Wells,Finance,149715,2023-07-16,,Active
1629,Joseph Rodriguez,HR,96615,2021-06-03,,Active
1630,John Parker,Sales,111056,2023-08-17,,Active
1631,Travis Gray,Finance,149380,2024-06-23,,Active
1632,Ryan Mcdaniel,HR,142648,2021-05-19,,Active
1633,Teresa Lewis,Sales,100867,2023-08-07,,Active
1634,Sherry Jones,Marketing,46876,2021-10-28,,Active
1635,Brian Stewart,Operations,133270,2020-05-08,,Active
1636,Gregory Rogers,Finance,116517,2023-12-10,,Active
1637,Edward Perez,HR,147597,2019-12-11,2024-07-12,InActive
1638,Jason Smith,HR,141294,2022-01-04,,Active
1639,Luis Nelson,Marketing,64885,2019-07-27,,Active
1640,Dillon Nguyen,Operations,68484,2021-01-11,,Active
1641,Margaret Graham,Finance,114596,2023-02-28,,Active
1642,Jessica Robinson,Operations,128047,2021-05-13,,Active
1643,Paul Jackson,Operations,127985,2022-04-02,,Active
1644,Kenneth Hall,HR,106936,2023-04-28,,Active
1645,Jonathan Alexander,HR,63593,2020-07-06,,Active
1646,Jordan Smith,Finance,119288,2019-07-29,2022-10-28,InActive
1647,Raymond Harvey,Finance,130094,2022-02-04,,Active
1648,Thomas Bradley,HR,97917,2018-12-02,,Active
1649,Michelle Rojas,Sales,121974,2019-01-14,,Active
1650,Jasmine Mitchell,HR,120999,2020-01-10,,Active
1651,Daniel Rocha,Finance,125089,2024-05-23,,Active
1652,Bethany Dunn,HR,85628,2023-03-14,,Active
1653,Charles Brandt,Finance,45429,2020-10-30,2020-11-20,InActive
1654,Jordan Tapia,Marketing,135235,2020-06-30,,Active
1655,Amber Garner,Sales,114062,2019-12-16,,Active
1656,Mrs. Kristy Wallace DDS,HR,86256,2024-02-09,,Active
1657,Rachel Smith,Finance,48067,2019-02-28,,Active
1658,Amanda Bradley,Sales,133394,2021-06-20,,Active
1659,Emily James,Sales,103448,2019-01-31,,Active
1660,Jesse Banks,Marketing,146334,2024-05-04,,Active
1661,Dawn Garza,Finance,67552,2023-03-06,,Active
1662,James Mitchell,Marketing,87976,2023-11-09,,Active
1663,David Morris,Marketing,55261,2022-12-21,,Active
1664,Christine Wood,Finance,94955,2024-01-07,,Active
1665,Sharon Harvey,Finance,129444,2023-06-24,2025-05-29,InActive
1666,Kristy Davis,Finance,142546,2022-04-04,,Active
1667,Kimberly Wilson,Finance,81608,2023-07-15,,Active
1668,David Yates,Marketing,136907,2020-07-18,,Active
1669,Shawn Williams,Finance,132744,2023-04-11,,Active
1670,Kevin Schultz,HR,78913,2019-06-11,,Active
1671,Stephanie Smith,Operations,122225,2020-06-19,,Active
1672,Chad Reyes,Operations,102836,2022-07-06,,Active
1673,Mary Guerrero,Finance,98814,2024-02-01,,Active
1674,Beth Smith,Marketing,53414,2020-05-03,,Active
1675,Wendy Rodriguez,Finance,53012,2018-10-15,,Active
1676,Patricia Buckley,Finance,133768,2019-07-20,,Active
1677,James Fischer,Marketing,147044,2023-06-14,,Active
1678,Kim Glover,Finance,101726,2019-03-16,,Active
1679,Patrick Martinez,Marketing,53454,2022-12-22,,Active
1680,Kevin Dickerson,Marketing,128634,2021-10-23,,Active
1681,Jeremy Rodgers,Marketing,103715,2024-01-07,,Active
1682,Jean Pierce,Operations,116556,2022-01-04,,Active
1683,Angela Lopez DDS,Operations,142731,2021-10-14,2025-02-27,InActive
1684,Mrs. Lisa Berry,HR,90691,2020-10-02,,Active
1685,Steven Chapman,Operations,114856,2023-08-22,,Active
1686,Patricia Blake,Sales,101862,2020-05-23,,Active
1687,Michelle Roberts,Marketing,97424,2019-12-27,2023-04-19,InActive
1688,Nancy Perez,Marketing,63922,2024-04-04,,Active
1689,Heather Price,Sales,92779,2023-03-24,,Active
1690,Gary Sanders,Sales,87399,2024-05-11,,Active
1691,Jason Powers,Marketing,66998,2024-02-26,,Active
1692,Carla Roberts,Sales,103958,2019-11-09,,Active
1693,Virginia Sanchez,Finance,137169,2019-09-04,2022-08-06,InActive
1694,Jake Davis DVM,Operations,73435,2023-11-08,,Active
1695,Angela Russell,Finance,136805,2021-07-26,,Active
1696,Elizabeth Thompson,Finance,54851,2021-04-10,,Active
1697,Roberto Johns,Sales,49025,2019-08-13,,Active
1698,Claudia Johnson,Sales,129212,2021-05-13,,Active
1699,Jonathan Butler,Marketing,88810,2020-10-03,,Active
1700,Jessica King,Operations,100164,2020-09-24,,Active
1701,Krista Burgess,Sales,95634,2019-11-05,,Active
1702,Jerry Watson,Sales,97874,2019-05-16,,Active
1703,Regina Brock,Operations,103928,2023-07-28,,Active
1704,Trevor Kirk,Marketing,142295,2023-03-07,,Active
1705,Ronald Rhodes,Marketing,99044,2019-01-31,2024-04-10,InActive
1706,Justin Christian,Sales,130752,2020-08-27,,Active
1707,Matthew Hooper,Marketing,76878,2020-10-17,,Active
1708,Tanya Burgess,HR,149577,2020-03-17,,Active
1709,Alexander Lane PhD,Sales,147231,2021-11-17,,Active
1710,Victoria Cook,Finance,110577,2023-05-23,,Active
1711,Ashley Hernandez,Sales,122539,2020-11-26,,Active
1712,Stefanie Conley,Marketing,137491,2022-02-23,,Active
1713,Nicholas Johnson,Finance,130396,2020-06-14,,Active
1714,Dale Schultz,Marketing,84384,2022-03-03,,Active
1715,Gregory Bradford,HR,129000,2021-12-19,,Active
1716,Linda Richards,Finance,109119,2024-03-06,,Active
1717,Ashley Edwards,Sales,75875,2023-05-25,,Active
1718,Robert Cohen,Sales,51892,2019-10-27,,Active
1719,Benjamin Terry,Operations,77210,2022-12-19,,Active
1720,Kenneth Gill,Marketing,51204,2024-03-08,,Active
1721,Kendra Kim,Operations,115490,2019-09-03,,Active
1722,Matthew Anderson,Sales,129737,2021-06-23,,Active
1723,Jade Sheppard,Operations,91970,2020-07-16,,Active
1724,Brian Carrillo,Marketing,72391,2023-07-28,,Active
1725,Andrea Schaefer,Finance,85428,2020-05-17,,Active
1726,Autumn Lowe,HR,50033,2019-10-01,,Active
1727,Jessica Morales,Operations,98119,2019-10-07,,Active
1728,Allen Baxter,Sales,117000,2022-01-16,,Active
1729,Patricia Green,Sales,68167,2021-07-02,,Active
1730,Carolyn Torres,HR,91566,2020-02-13,,Active
1731,Brian Vincent,Marketing,115062,2020-05-05,,Active
1732,Ryan Jones,Finance,146251,2024-03-31,,Active
1733,Catherine Myers,HR,70697,2021-05-05,,Active
1734,Amanda Patterson,Sales,112328,2019-12-16,,Active
1735,Nicole Scott,Sales,113442,2023-10-06,,Active
1736,Stephanie Richardson,HR,107688,2020-11-27,,Active
1737,Timothy Morales,Sales,110347,2022-08-22,,Active
1738,Jessica Henderson,Operations,132419,2024-05-18,,Active
1739,Amy Lewis,Marketing,115254,2020-04-13,,Active
1740,Andrew Murillo,Finance,82713,2019-06-26,,Active
1741,Steven Jefferson,Finance,145097,2023-07-23,,Active
1742,Taylor Garcia,Marketing,136164,2021-02-27,,Active
1743,Julie Mendoza,Finance,135191,2022-08-30,,Active
1744,Danielle Todd,Marketing,60869,2024-03-10,,Active
1745,Christopher Ortiz,Marketing,129583,2024-03-31,2026-02-22,InActive
1746,David Gonzalez,Operations,85133,2020-11-02,,Active
1747,Matthew Hernandez,Marketing,125612,2021-11-18,,Active
1748,Jason Lynch,Marketing,141291,2023-12-13,2024-08-11,InActive
1749,Lauren Collins,Operations,148021,2019-10-02,,Active
1750,Alexander Smith,Sales,97836,2022-09-09,,Active
1751,Shannon Harvey,Sales,142511,2022-05-31,,Active
1752,Carolyn Wu,HR,123973,2020-10-28,,Active
1753,Trevor Johnson,Operations,110023,2023-06-03,2025-06-09,InActive
1754,Jennifer Myers,Operations,78116,2023-11-28,,Active
1755,Paul Barron,HR,64936,2023-01-12,,Active
1756,John Rich,HR,46283,2023-06-09,,Active
1757,Stephen Hernandez,Marketing,69922,2023-03-03,,Active
1758,Kathryn Harrell,Sales,95787,2024-02-16,,Active
1759,David Rodriguez,Finance,136117,2021-05-15,,Active
1760,Alex Cook,Operations,57492,2020-09-20,,Active
1761,Cody Johnson,Operations,123785,2020-10-18,,Active
1762,Annette Rogers,Sales,97565,2024-03-28,,Active
1763,Taylor Smith,Sales,98322,2022-12-07,,Active
1764,Adam Davis,Sales,76165,2021-12-02,,Active
1765,Joseph Murillo,Sales,138312,2019-09-29,,Active
1766,Debbie Summers,Marketing,130006,2024-04-22,,Active
1767,Rebecca Butler,HR,133365,2019-09-02,,Active
1768,David Johnson,HR,109245,2022-06-14,,Active
1769,Andrew Sims,HR,45654,2020-02-08,2023-05-17,InActive
1770,Christopher Olsen III,Operations,88952,2022-01-13,,Active
1771,Rodney Kemp,Operations,54196,2021-04-05,2022-02-21,InActive
1772,Kristen Francis,Finance,63577,2022-06-15,,Active
1773,Julie Jackson,Finance,94750,2018-09-28,,Active
1774,Tommy Davis,Marketing,65298,2020-01-05,,Active
1775,Dana Black,Operations,149140,2023-07-05,,Active
1776,Katelyn Vazquez,Operations,129266,2020-11-18,,Active
1777,Brent Evans,Operations,125125,2022-07-28,,Active
1778,Ryan Moore,Operations,83395,2021-01-03,,Active
1779,Scott Walker,HR,79069,2019-11-07,,Active
1780,Cassidy Ferguson,Operations,127479,2022-09-13,2024-01-27,InActive
1781,Mark Smith MD,Marketing,56137,2022-08-23,,Active
1782,Jonathan Morrison,Operations,81556,2019-05-31,,Active
1783,Sean Bradley,Marketing,60233,2020-09-03,,Active
1784,Tina Harris,Finance,148393,2022-07-04,,Active
1785,Tracy Hunter,Operations,104182,2023-03-16,,Active
1786,David Medina,Finance,63707,2024-01-20,,Active
1787,Elizabeth Brooks,Marketing,46670,2024-03-29,,Active
1788,Helen Stevens,Operations,126003,2021-07-19,,Active
1789,Edward Johnson,Finance,74125,2023-12-01,,Active
1790,Beverly Martin,Sales,81906,2021-05-16,,Active
1791,Heather Thomas,Sales,133731,2020-04-14,2020-06-08,InActive
1792,Brittney Leonard,Finance,135838,2018-10-23,,Active
1793,Michael Elliott,Finance,128015,2020-11-20,,Active
1794,Misty Villanueva,Sales,146746,2024-01-25,,Active
1795,Erik Maxwell,HR,96210,2020-06-21,,Active
1796,Mark Lee,Marketing,82751,2023-08-15,,Active
1797,Norma Chavez,Sales,92237,2022-06-16,,Active
1798,Michael Orr,Operations,55910,2020-03-07,2022-12-30,InActive
1799,Miranda Ball,Finance,55716,2022-06-26,,Active
1800,Natalie Smith,Marketing,123215,2023-12-18,2023-12-26,InActive
1801,Anne Montgomery,Finance,86013,2018-10-31,,Active
1802,Briana Erickson,Operations,60771,2021-12-06,2022-07-19,InActive
1803,Micheal Mcdowell,HR,119716,2019-08-26,,Active
1804,Justin Mays,Sales,132136,2019-10-17,2022-11-17,InActive
1805,Emily Campbell,Finance,148067,2022-10-17,,Active
1806,Vincent Davis,Sales,73607,2019-04-07,,Active
1807,Ashley Taylor,Sales,68395,2020-12-20,,Active
1808,Stacey Brennan,Finance,93133,2020-11-18,2024-01-27,InActive
1809,Michael Faulkner,HR,130674,2019-04-22,,Active
1810,Adam Harmon,Operations,83123,2023-02-01,,Active
1811,Kathleen Santiago,Sales,113280,2018-10-03,,Active
1812,Annette Warren,Operations,127462,2023-06-01,2026-05-24,InActive
1813,Gabrielle Liu,Sales,128914,2024-05-28,,Active
1814,Vincent Mack,HR,74008,2023-02-18,,Active
1815,Frank Reed,Operations,84832,2022-02-26,,Active
1816,Susan Taylor MD,Marketing,103012,2018-09-23,,Active
1817,Joshua Frye,Sales,140102,2023-04-17,,Active
1818,Angela Gaines,HR,71815,2023-09-07,,Active
1819,James Griffin,Finance,125833,2020-02-15,,Active
1820,Justin Bennett,Operations,121253,2022-12-20,,Active
1821,Dr. Andrew Welch,Sales,97704,2020-08-03,,Active
1822,Kimberly Ortiz,Finance,112869,2019-07-30,,Active
1823,Francisco Thomas,Operations,95302,2023-10-26,,Active
1824,Sue Jackson,Marketing,84755,2023-05-06,2025-05-30,InActive
1825,Bill Mcknight,Operations,139526,2021-01-25,,Active
1826,Lisa Reynolds,Operations,140861,2020-07-18,,Active
1827,Douglas Howell,Sales,125391,2022-05-12,,Active
1828,Renee Johnson,Marketing,79986,2019-05-29,,Active
1829,Eric Gray,Operations,134354,2019-02-17,,Active
1830,Gary Miller,Sales,99374,2019-09-04,,Active
1831,Robert Mann,Marketing,70708,2024-02-12,2024-11-28,InActive
1832,Michelle Hall,Sales,107020,2024-04-02,,Active
1833,Crystal Washington,Sales,60371,2019-09-10,,Active
1834,Cindy Price,HR,115651,2020-06-10,2022-03-11,InActive
1835,Michael Wood,Marketing,123212,2022-10-25,,Active
1836,Michelle Walker,Sales,66516,2023-03-31,,Active
1837,Rachael Fox DVM,Marketing,112277,2022-02-27,2024-02-11,InActive
1838,Kimberly Williams,Operations,61625,2022-03-30,,Active
1839,Tiffany Herrera,Operations,142434,2023-12-26,,Active
1840,Scott Huffman,Marketing,61582,2020-04-16,,Active
1841,Marc Sandoval,Marketing,81952,2019-04-09,,Active
1842,Stefanie Cardenas,HR,128316,2018-11-05,2022-10-04,InActive
1843,Jacob Simmons,Operations,67466,2019-10-24,,Active
1844,Amy Perez,Operations,72843,2020-08-25,,Active
1845,Kristy Bullock,HR,127524,2018-10-19,,Active
1846,Olivia Ellison,Operations,68037,2021-11-03,2023-08-16,InActive
1847,Aaron Callahan,Marketing,118384,2021-04-12,,Active
1848,Jared Morris,Finance,136164,2019-04-07,,Active
1849,Holly Rowe,Finance,141309,2021-10-31,,Active
1850,Michael Greene,HR,50292,2021-12-14,,Active
1851,Cynthia Cohen,Finance,60831,2023-07-27,,Active
1852,Cole Bush,Sales,57295,2020-07-07,,Active
1853,Christine Davidson,HR,59335,2023-12-30,,Active
1854,Mr. Aaron Williams,Operations,112910,2020-08-10,,Active
1855,Julie Orozco,Marketing,125236,2018-09-17,,Active
1856,Sheri Lowe,Finance,53601,2021-03-21,,Active
1857,Deborah Bailey,HR,136644,2020-08-24,2023-08-29,InActive
1858,Dylan Rodriguez,Marketing,107091,2021-03-01,,Active
1859,Valerie Mckenzie,HR,106379,2018-09-21,,Active
1860,Molly Sanchez,Operations,134493,2021-08-11,,Active
1861,Kathryn Mccarty,Sales,119115,2019-09-30,,Active
1862,Kim Campbell,Operations,53151,2020-12-11,,Active
1863,Sarah Perez,Sales,111924,2020-09-29,,Active
1864,Samuel Johnson,Sales,81095,2023-02-10,,Active
1865,Brenda Lamb,Operations,118573,2022-09-23,,Active
1866,Brittney Bell,HR,67448,2021-06-17,,Active
1867,Tammy Scott,Finance,88072,2021-05-16,,Active
1868,Ryan Garcia,Marketing,48528,2019-08-30,,Active
1869,Paula Evans,Sales,100639,2018-10-03,,Active
1870,Christopher Pope,Marketing,47477,2020-01-30,,Active
1871,Amy Cline,Operations,67641,2018-07-14,,Active
1872,Scott Vaughn,Sales,133803,2023-10-01,,Active
1873,Morgan Anderson,Sales,56155,2020-01-03,,Active
1874,Ryan Harvey,Marketing,140133,2023-10-26,,Active
1875,Angela Brewer,Operations,82805,2023-04-07,2024-01-19,InActive
1876,Michael Woods,Marketing,146736,2019-12-15,,Active
1877,David Mueller,HR,55356,2020-12-30,,Active
1878,Tyler Gregory,Finance,70334,2023-12-11,,Active
1879,Alexander Mayer,Operations,116653,2022-09-14,,Active
1880,Brianna Dillon,Finance,103763,2020-06-10,,Active
1881,Debra Adams,Operations,132436,2020-04-11,,Active
1882,Amy Wood,Marketing,121451,2020-07-31,,Active
1883,Taylor Jones,Sales,51742,2023-03-04,,Active
1884,Julie Williams,Finance,61964,2023-06-20,,Active
1885,Tom Medina,Marketing,62271,2018-08-18,,Active
1886,Mark Arnold,Sales,69100,2020-09-05,,Active
1887,Rachel Crawford,Finance,135653,2020-10-08,,Active
1888,Victoria Schroeder,Operations,80233,2022-12-30,,Active
1889,Jack Hansen,Operations,149653,2019-06-30,2020-08-04,InActive
1890,Megan Medina,Operations,92544,2022-11-03,,Active
1891,David Cunningham,Sales,99956,2021-10-29,,Active
1892,Jason Greene,Operations,78523,2019-10-03,,Active
1893,Lauren Rodriguez,Marketing,72928,2018-07-15,,Active
1894,Jamie Dixon,Marketing,114481,2022-07-09,,Active
1895,Margaret Fitzgerald,HR,55743,2019-11-11,,Active
1896,Duane Hall,Marketing,91512,2022-05-30,,Active
1897,Ashley Taylor,HR,119253,2019-03-12,,Active
1898,Dr. Brittany Martin,Finance,74549,2023-07-05,,Active
1899,Patrick Boyd,HR,71897,2024-02-07,,Active
1900,Ethan Jenkins,Marketing,102509,2019-12-15,,Active
1901,Robert Cole,Operations,65984,2022-10-02,,Active
1902,Christopher Boyd,HR,71324,2020-03-15,,Active
1903,Thomas Cain,Finance,124882,2019-07-30,,Active
1904,Mrs. Lindsey Leach,Finance,144607,2022-01-05,,Active
1905,Robert White,Finance,59632,2018-07-24,,Active
1906,Beth Kelley,Marketing,45011,2021-01-11,,Active
1907,Jon Bell,Marketing,118686,2020-08-28,2022-10-30,InActive
1908,Christy Fitzgerald,Sales,144395,2018-09-26,,Active
1909,Samantha Riddle,Finance,99919,2023-05-12,,Active
1910,Katherine Kennedy,Marketing,54376,2018-10-21,,Active
1911,Peggy Chavez,Marketing,132126,2020-05-10,,Active
1912,Jacob Lopez,HR,85107,2020-03-15,2025-07-17,InActive
1913,Mrs. Natalie Bond,Marketing,76311,2023-01-08,,Active
1914,Joseph Joyce,Finance,46357,2024-05-23,,Active
1915,Dillon Le,HR,108374,2020-07-28,,Active
1916,Frank Baker,HR,124244,2022-02-11,,Active
1917,Frederick Beasley,Marketing,67542,2020-10-07,,Active
1918,David Gates,Marketing,142972,2019-09-20,,Active
1919,Michelle Gonzalez,Marketing,58780,2023-03-27,,Active
1920,Gregory Williams,Finance,58868,2024-01-02,,Active
1921,Jeffrey Suarez,HR,140117,2019-02-28,2023-12-03,InActive
1922,Christian Morgan,Sales,64914,2022-05-28,,Active
1923,Nicole Soto,Marketing,71734,2023-11-30,,Active
1924,Melissa Griffin,Marketing,142322,2021-02-01,,Active
1925,Chelsea Peterson,Finance,128846,2019-12-17,,Active
1926,Jonathan Evans,Sales,78938,2022-10-27,,Active
1927,Linda Clark,Operations,93245,2022-06-14,,Active
1928,Michael Roberts,Operations,67280,2023-06-07,,Active
1929,Kelli Carey,Operations,104374,2019-06-14,,Active
1930,Tammy Key,Sales,63202,2019-07-30,,Active
1931,Justin Medina,Finance,45687,2019-01-15,,Active
1932,Sonya Griffin,Finance,149342,2019-07-22,,Active
1933,Justin Johnson,Finance,97456,2021-02-24,,Active
1934,John Jones,Sales,103695,2018-07-28,,Active
1935,Jordan Walton,Operations,123029,2024-04-02,,Active
1936,Ryan Hoffman,Sales,137228,2018-08-26,,Active
1937,Douglas Burns,Sales,93105,2023-11-12,,Active
1938,Monica Williams,Finance,80853,2020-03-11,,Active
1939,Lisa Green,Sales,80681,2023-05-03,,Active
1940,Mr. Nicholas Chaney,Sales,51298,2020-09-30,,Active
1941,Kayla Andersen,Operations,52371,2024-06-11,,Active
1942,Lori Mcdonald,Marketing,63507,2024-04-12,,Active
1943,Cole Wiley,Operations,118231,2022-07-05,,Active
1944,Denise Holden,HR,49020,2023-04-09,2024-06-13,InActive
1945,Dorothy Herman,Finance,49416,2019-06-24,,Active
1946,Donna Bautista,HR,63742,2020-05-04,2021-01-26,InActive
1947,Angel Evans,Finance,58140,2020-01-07,,Active
1948,Tristan Poole,HR,47283,2019-11-30,,Active
1949,Stacey Foley,HR,84378,2020-02-15,,Active
1950,Nicholas Wood,Operations,115937,2023-08-24,,Active
1951,Bonnie Morrison,Marketing,103308,2023-09-23,,Active
1952,James Stewart,Marketing,137104,2018-11-28,,Active
1953,Amanda Vincent MD,Sales,108488,2024-03-25,,Active
1954,Cassandra Howe,Operations,108332,2023-04-27,2025-09-14,InActive
1955,Sharon Krause,Finance,76782,2018-10-10,2019-09-04,InActive
1956,Katherine Wilson,Sales,86647,2019-03-27,,Active
1957,Michelle Lee,Operations,86463,2021-02-26,,Active
1958,Christina Anderson,Marketing,74996,2023-10-07,,Active
1959,Angela Bray,Finance,51642,2018-11-24,,Active
1960,Christopher Faulkner,Finance,94650,2020-03-16,,Active
1961,Matthew Martin,HR,113090,2020-01-11,,Active
1962,Andrew Harrison,Finance,76482,2024-02-02,,Active
1963,Alexandra Jacobs,Operations,113792,2021-07-02,,Active
1964,Justin Reyes,Finance,143478,2021-05-19,,Active
1965,Robert York,Finance,136152,2019-05-11,2025-08-12,InActive
1966,Ashley Lewis,Finance,58234,2022-09-07,,Active
1967,Lynn Coffey,HR,57012,2020-06-22,,Active
1968,Carla Olson,Operations,55071,2024-03-29,,Active
1969,Pamela Miller,HR,52827,2019-08-30,,Active
1970,Sheena Lawson MD,Marketing,78855,2020-02-17,,Active
1971,Andrew Park,Sales,74284,2021-04-09,,Active
1972,Jessica Little,Sales,137198,2019-05-12,,Active
1973,Kimberly Townsend,Marketing,72616,2019-11-06,,Active
1974,Sarah Thomas,Finance,68592,2022-09-03,,Active
1975,Tina Davis,Operations,94869,2019-03-18,,Active
1976,Matthew Alvarez,Marketing,63417,2024-03-13,,Active
1977,Michael Cooper,Marketing,67563,2020-02-12,,Active
1978,Jacqueline Page,Marketing,101353,2022-10-26,,Active
1979,Kimberly Sullivan,Marketing,137837,2023-06-23,,Active
1980,Keith Greene,HR,101631,2019-05-26,,Active
1981,Amy Lewis,Marketing,101433,2022-01-15,,Active
1982,John Odom,Marketing,79307,2019-02-21,,Active
1983,Amanda Santos,Marketing,61605,2021-08-01,,Active
1984,Jaime Jones,Finance,67379,2021-02-22,,Active
1985,Alex Smith,Finance,100597,2024-03-28,,Active
1986,Patrick Newton,HR,72640,2019-07-14,,Active
1987,Kristen Small,Finance,65588,2020-04-24,,Active
1988,Rita Anderson,Finance,96926,2023-06-11,,Active
1989,Keith Nicholson,Marketing,120339,2022-11-04,,Active
1990,John Hess,Sales,60599,2020-03-15,,Active
1991,Matthew Hines,Sales,81952,2021-03-02,,Active
1992,Larry Craig,Operations,84364,2018-07-10,,Active
1993,Joseph Roth,Finance,92394,2024-01-10,,Active
1994,Erin Cain,Sales,91326,2021-10-09,,Active
1995,Jeffrey Johnson,Operations,110039,2022-09-14,,Active
1996,Brad Williams,Operations,69882,2020-04-18,,Active
1997,Sydney Green,Operations,60079,2019-07-21,,Active
1998,James Roberson,Operations,134765,2019-04-18,,Active
1999,Kimberly Thomas,Marketing,57940,2022-05-09,,Active
